省份,年份,科类,分数段,分数,同分人数,累计人数,来源网页,图片页码
河南,2026,物理,706及以上,706,14,14,https://www.gk100.com/read_16880835.htm,1
河南,2026,物理,705,705,1,15,https://www.gk100.com/read_16880835.htm,1
河南,2026,物理,704,704,9,24,https://www.gk100.com/read_16880835.htm,1
河南,2026,物理,703,703,5,29,https://www.gk100.com/read_16880835.htm,1
河南,2026,物理,702,702,3,32,https://www.gk100.com/read_16880835.htm,1
河南,2026,物理,701,701,9,41,https://www.gk100.com/read_16880835.htm,1
河南,2026,物理,700,700,7,48,https://www.gk100.com/read_16880835.htm,1
河南,2026,物理,699,699,17,65,https://www.gk100.com/read_16880835.htm,1
河南,2026,物理,698,698,6,71,https://www.gk100.com/read_16880835.htm,1
河南,2026,物理,697,697,7,78,https://www.gk100.com/read_16880835.htm,1
河南,2026,物理,696,696,13,91,https://www.gk100.com/read_16880835.htm,1
河南,2026,物理,695,695,17,108,https://www.gk100.com/read_16880835.htm,1
河南,2026,物理,694,694,16,124,https://www.gk100.com/read_16880835.htm,1
河南,2026,物理,693,693,21,145,https://www.gk100.com/read_16880835.htm,1
河南,2026,物理,692,692,20,165,https://www.gk100.com/read_16880835.htm,1
河南,2026,物理,691,691,23,188,https://www.gk100.com/read_16880835.htm,1
河南,2026,物理,690,690,24,212,https://www.gk100.com/read_16880835.htm,1
河南,2026,物理,689,689,37,249,https://www.gk100.com/read_16880835.htm,1
河南,2026,物理,688,688,36,285,https://www.gk100.com/read_16880835.htm,1
河南,2026,物理,687,687,28,313,https://www.gk100.com/read_16880835.htm,1
河南,2026,物理,686,686,38,351,https://www.gk100.com/read_16880835.htm,1
河南,2026,物理,685,685,37,388,https://www.gk100.com/read_16880835.htm,1
河南,2026,物理,684,684,48,436,https://www.gk100.com/read_16880835.htm,1
河南,2026,物理,683,683,44,480,https://www.gk100.com/read_16880835.htm,1
河南,2026,物理,682,682,46,526,https://www.gk100.com/read_16880835.htm,1
河南,2026,物理,681,681,56,582,https://www.gk100.com/read_16880835.htm,1
河南,2026,物理,680,680,68,650,https://www.gk100.com/read_16880835.htm,1
河南,2026,物理,679,679,61,711,https://www.gk100.com/read_16880835.htm,1
河南,2026,物理,678,678,68,779,https://www.gk100.com/read_16880835.htm,1
河南,2026,物理,677,677,62,841,https://www.gk100.com/read_16880835.htm,2
河南,2026,物理,676,676,77,918,https://www.gk100.com/read_16880835.htm,2
河南,2026,物理,675,675,85,1003,https://www.gk100.com/read_16880835.htm,2
河南,2026,物理,674,674,84,1087,https://www.gk100.com/read_16880835.htm,2
河南,2026,物理,673,673,93,1180,https://www.gk100.com/read_16880835.htm,2
河南,2026,物理,672,672,88,1268,https://www.gk100.com/read_16880835.htm,2
河南,2026,物理,671,671,98,1366,https://www.gk100.com/read_16880835.htm,2
河南,2026,物理,670,670,117,1483,https://www.gk100.com/read_16880835.htm,2
河南,2026,物理,669,669,111,1594,https://www.gk100.com/read_16880835.htm,2
河南,2026,物理,668,668,122,1716,https://www.gk100.com/read_16880835.htm,2
河南,2026,物理,667,667,124,1840,https://www.gk100.com/read_16880835.htm,2
河南,2026,物理,666,666,130,1970,https://www.gk100.com/read_16880835.htm,2
河南,2026,物理,665,665,133,2103,https://www.gk100.com/read_16880835.htm,2
河南,2026,物理,664,664,140,2243,https://www.gk100.com/read_16880835.htm,2
河南,2026,物理,663,663,168,2411,https://www.gk100.com/read_16880835.htm,2
河南,2026,物理,662,662,153,2564,https://www.gk100.com/read_16880835.htm,2
河南,2026,物理,661,661,161,2725,https://www.gk100.com/read_16880835.htm,2
河南,2026,物理,660,660,181,2906,https://www.gk100.com/read_16880835.htm,2
河南,2026,物理,659,659,196,3102,https://www.gk100.com/read_16880835.htm,2
河南,2026,物理,658,658,154,3256,https://www.gk100.com/read_16880835.htm,2
河南,2026,物理,657,657,215,3471,https://www.gk100.com/read_16880835.htm,2
河南,2026,物理,656,656,228,3699,https://www.gk100.com/read_16880835.htm,2
河南,2026,物理,655,655,212,3911,https://www.gk100.com/read_16880835.htm,2
河南,2026,物理,654,654,234,4145,https://www.gk100.com/read_16880835.htm,2
河南,2026,物理,653,653,248,4393,https://www.gk100.com/read_16880835.htm,2
河南,2026,物理,652,652,243,4636,https://www.gk100.com/read_16880835.htm,2
河南,2026,物理,651,651,268,4904,https://www.gk100.com/read_16880835.htm,2
河南,2026,物理,650,650,262,5166,https://www.gk100.com/read_16880835.htm,2
河南,2026,物理,649,649,264,5430,https://www.gk100.com/read_16880835.htm,2
河南,2026,物理,648,648,296,5726,https://www.gk100.com/read_16880835.htm,2
河南,2026,物理,646,646,596,6322,https://www.gk100.com/read_16880835.htm,3
河南,2026,物理,645,645,302,6624,https://www.gk100.com/read_16880835.htm,3
河南,2026,物理,644,644,316,6940,https://www.gk100.com/read_16880835.htm,3
河南,2026,物理,643,643,326,7266,https://www.gk100.com/read_16880835.htm,3
河南,2026,物理,642,642,328,7594,https://www.gk100.com/read_16880835.htm,3
河南,2026,物理,641,641,339,7933,https://www.gk100.com/read_16880835.htm,3
河南,2026,物理,640,640,363,8296,https://www.gk100.com/read_16880835.htm,3
河南,2026,物理,639,639,379,8675,https://www.gk100.com/read_16880835.htm,3
河南,2026,物理,638,638,366,9041,https://www.gk100.com/read_16880835.htm,3
河南,2026,物理,637,637,395,9436,https://www.gk100.com/read_16880835.htm,3
河南,2026,物理,636,636,384,9820,https://www.gk100.com/read_16880835.htm,3
河南,2026,物理,635,635,450,10270,https://www.gk100.com/read_16880835.htm,3
河南,2026,物理,634,634,423,10693,https://www.gk100.com/read_16880835.htm,3
河南,2026,物理,633,633,413,11106,https://www.gk100.com/read_16880835.htm,3
河南,2026,物理,632,632,439,11545,https://www.gk100.com/read_16880835.htm,3
河南,2026,物理,631,631,446,11991,https://www.gk100.com/read_16880835.htm,3
河南,2026,物理,630,630,474,12465,https://www.gk100.com/read_16880835.htm,3
河南,2026,物理,629,629,456,12921,https://www.gk100.com/read_16880835.htm,3
河南,2026,物理,628,628,455,13376,https://www.gk100.com/read_16880835.htm,3
河南,2026,物理,627,627,490,13866,https://www.gk100.com/read_16880835.htm,3
河南,2026,物理,626,626,536,14402,https://www.gk100.com/read_16880835.htm,3
河南,2026,物理,625,625,493,14895,https://www.gk100.com/read_16880835.htm,3
河南,2026,物理,624,624,505,15400,https://www.gk100.com/read_16880835.htm,3
河南,2026,物理,623,623,534,15934,https://www.gk100.com/read_16880835.htm,3
河南,2026,物理,622,622,574,16508,https://www.gk100.com/read_16880835.htm,3
河南,2026,物理,621,621,577,17085,https://www.gk100.com/read_16880835.htm,3
河南,2026,物理,620,620,580,17665,https://www.gk100.com/read_16880835.htm,3
河南,2026,物理,619,619,677,18342,https://www.gk100.com/read_16880835.htm,3
河南,2026,物理,618,618,619,18961,https://www.gk100.com/read_16880835.htm,3
河南,2026,物理,617,617,604,19565,https://www.gk100.com/read_16880835.htm,3
河南,2026,物理,616,616,702,20267,https://www.gk100.com/read_16880835.htm,4
河南,2026,物理,615,615,625,20892,https://www.gk100.com/read_16880835.htm,4
河南,2026,物理,614,614,718,21610,https://www.gk100.com/read_16880835.htm,4
河南,2026,物理,613,613,715,22325,https://www.gk100.com/read_16880835.htm,4
河南,2026,物理,612,612,720,23045,https://www.gk100.com/read_16880835.htm,4
河南,2026,物理,611,611,715,23760,https://www.gk100.com/read_16880835.htm,4
河南,2026,物理,610,610,772,24532,https://www.gk100.com/read_16880835.htm,4
河南,2026,物理,609,609,758,25290,https://www.gk100.com/read_16880835.htm,4
河南,2026,物理,608,608,746,26036,https://www.gk100.com/read_16880835.htm,4
河南,2026,物理,607,607,753,26789,https://www.gk100.com/read_16880835.htm,4
河南,2026,物理,606,606,798,27587,https://www.gk100.com/read_16880835.htm,4
河南,2026,物理,605,605,833,28420,https://www.gk100.com/read_16880835.htm,4
河南,2026,物理,604,604,835,29255,https://www.gk100.com/read_16880835.htm,4
河南,2026,物理,603,603,776,30031,https://www.gk100.com/read_16880835.htm,4
河南,2026,物理,602,602,838,30869,https://www.gk100.com/read_16880835.htm,4
河南,2026,物理,601,601,856,31725,https://www.gk100.com/read_16880835.htm,4
河南,2026,物理,600,600,897,32622,https://www.gk100.com/read_16880835.htm,4
河南,2026,物理,599,599,903,33525,https://www.gk100.com/read_16880835.htm,4
河南,2026,物理,598,598,934,34459,https://www.gk100.com/read_16880835.htm,4
河南,2026,物理,597,597,907,35366,https://www.gk100.com/read_16880835.htm,4
河南,2026,物理,596,596,975,36341,https://www.gk100.com/read_16880835.htm,4
河南,2026,物理,595,595,926,37267,https://www.gk100.com/read_16880835.htm,4
河南,2026,物理,594,594,991,38258,https://www.gk100.com/read_16880835.htm,4
河南,2026,物理,593,593,983,39241,https://www.gk100.com/read_16880835.htm,4
河南,2026,物理,592,592,973,40214,https://www.gk100.com/read_16880835.htm,4
河南,2026,物理,591,591,932,41146,https://www.gk100.com/read_16880835.htm,4
河南,2026,物理,590,590,1067,42213,https://www.gk100.com/read_16880835.htm,4
河南,2026,物理,589,589,1089,43302,https://www.gk100.com/read_16880835.htm,4
河南,2026,物理,588,588,1103,44405,https://www.gk100.com/read_16880835.htm,4
河南,2026,物理,587,587,1122,45527,https://www.gk100.com/read_16880835.htm,4
河南,2026,物理,586,586,1118,46645,https://www.gk100.com/read_16880835.htm,5
河南,2026,物理,585,585,1125,47770,https://www.gk100.com/read_16880835.htm,5
河南,2026,物理,584,584,1149,48919,https://www.gk100.com/read_16880835.htm,5
河南,2026,物理,583,583,1150,50069,https://www.gk100.com/read_16880835.htm,5
河南,2026,物理,582,582,1177,51246,https://www.gk100.com/read_16880835.htm,5
河南,2026,物理,581,581,1146,52392,https://www.gk100.com/read_16880835.htm,5
河南,2026,物理,580,580,1259,53651,https://www.gk100.com/read_16880835.htm,5
河南,2026,物理,579,579,1180,54831,https://www.gk100.com/read_16880835.htm,5
河南,2026,物理,578,578,1227,56058,https://www.gk100.com/read_16880835.htm,5
河南,2026,物理,577,577,1237,57295,https://www.gk100.com/read_16880835.htm,5
河南,2026,物理,576,576,1275,58570,https://www.gk100.com/read_16880835.htm,5
河南,2026,物理,575,575,1210,59780,https://www.gk100.com/read_16880835.htm,5
河南,2026,物理,574,574,1289,61069,https://www.gk100.com/read_16880835.htm,5
河南,2026,物理,573,573,1307,62376,https://www.gk100.com/read_16880835.htm,5
河南,2026,物理,572,572,1280,63656,https://www.gk100.com/read_16880835.htm,5
河南,2026,物理,571,571,1362,65018,https://www.gk100.com/read_16880835.htm,5
河南,2026,物理,570,570,1444,66462,https://www.gk100.com/read_16880835.htm,5
河南,2026,物理,569,569,1431,67893,https://www.gk100.com/read_16880835.htm,5
河南,2026,物理,568,568,1350,69243,https://www.gk100.com/read_16880835.htm,5
河南,2026,物理,567,567,1400,70643,https://www.gk100.com/read_16880835.htm,5
河南,2026,物理,566,566,1380,72023,https://www.gk100.com/read_16880835.htm,5
河南,2026,物理,565,565,1428,73451,https://www.gk100.com/read_16880835.htm,5
河南,2026,物理,564,564,1484,74935,https://www.gk100.com/read_16880835.htm,5
河南,2026,物理,563,563,1455,76390,https://www.gk100.com/read_16880835.htm,5
河南,2026,物理,562,562,1530,77920,https://www.gk100.com/read_16880835.htm,5
河南,2026,物理,561,561,1424,79344,https://www.gk100.com/read_16880835.htm,5
河南,2026,物理,560,560,1514,80858,https://www.gk100.com/read_16880835.htm,5
河南,2026,物理,559,559,1610,82468,https://www.gk100.com/read_16880835.htm,5
河南,2026,物理,558,558,1539,84007,https://www.gk100.com/read_16880835.htm,5
河南,2026,物理,557,557,1565,85572,https://www.gk100.com/read_16880835.htm,5
河南,2026,物理,555,555,3163,88735,https://www.gk100.com/read_16880835.htm,6
河南,2026,物理,554,554,1645,90380,https://www.gk100.com/read_16880835.htm,6
河南,2026,物理,553,553,1553,91933,https://www.gk100.com/read_16880835.htm,6
河南,2026,物理,552,552,1621,93554,https://www.gk100.com/read_16880835.htm,6
河南,2026,物理,551,551,1633,95187,https://www.gk100.com/read_16880835.htm,6
河南,2026,物理,550,550,1666,96853,https://www.gk100.com/read_16880835.htm,6
河南,2026,物理,549,549,1691,98544,https://www.gk100.com/read_16880835.htm,6
河南,2026,物理,548,548,1674,100218,https://www.gk100.com/read_16880835.htm,6
河南,2026,物理,547,547,1624,101842,https://www.gk100.com/read_16880835.htm,6
河南,2026,物理,546,546,1604,103446,https://www.gk100.com/read_16880835.htm,6
河南,2026,物理,545,545,1715,105161,https://www.gk100.com/read_16880835.htm,6
河南,2026,物理,544,544,1684,106845,https://www.gk100.com/read_16880835.htm,6
河南,2026,物理,543,543,1785,108630,https://www.gk100.com/read_16880835.htm,6
河南,2026,物理,542,542,1693,110323,https://www.gk100.com/read_16880835.htm,6
河南,2026,物理,541,541,1732,112055,https://www.gk100.com/read_16880835.htm,6
河南,2026,物理,540,540,1794,113849,https://www.gk100.com/read_16880835.htm,6
河南,2026,物理,539,539,1741,115590,https://www.gk100.com/read_16880835.htm,6
河南,2026,物理,538,538,1812,117402,https://www.gk100.com/read_16880835.htm,6
河南,2026,物理,537,537,1774,119176,https://www.gk100.com/read_16880835.htm,6
河南,2026,物理,536,536,1864,121040,https://www.gk100.com/read_16880835.htm,6
河南,2026,物理,535,535,1864,122904,https://www.gk100.com/read_16880835.htm,6
河南,2026,物理,534,534,1860,124764,https://www.gk100.com/read_16880835.htm,6
河南,2026,物理,533,533,1788,126552,https://www.gk100.com/read_16880835.htm,6
河南,2026,物理,532,532,1842,128394,https://www.gk100.com/read_16880835.htm,6
河南,2026,物理,531,531,1834,130228,https://www.gk100.com/read_16880835.htm,6
河南,2026,物理,530,530,1935,132163,https://www.gk100.com/read_16880835.htm,6
河南,2026,物理,529,529,1975,134138,https://www.gk100.com/read_16880835.htm,6
河南,2026,物理,528,528,1919,136057,https://www.gk100.com/read_16880835.htm,6
河南,2026,物理,527,527,1840,137897,https://www.gk100.com/read_16880835.htm,6
河南,2026,物理,526,526,1948,139845,https://www.gk100.com/read_16880835.htm,6
河南,2026,物理,525,525,1940,141785,https://www.gk100.com/read_16880835.htm,7
河南,2026,物理,524,524,1932,143717,https://www.gk100.com/read_16880835.htm,7
河南,2026,物理,523,523,1967,145684,https://www.gk100.com/read_16880835.htm,7
河南,2026,物理,522,522,1990,147674,https://www.gk100.com/read_16880835.htm,7
河南,2026,物理,521,521,1903,149577,https://www.gk100.com/read_16880835.htm,7
河南,2026,物理,520,520,1878,151455,https://www.gk100.com/read_16880835.htm,7
河南,2026,物理,519,519,1941,153396,https://www.gk100.com/read_16880835.htm,7
河南,2026,物理,518,518,2056,155452,https://www.gk100.com/read_16880835.htm,7
河南,2026,物理,517,517,1998,157450,https://www.gk100.com/read_16880835.htm,7
河南,2026,物理,516,516,2002,159452,https://www.gk100.com/read_16880835.htm,7
河南,2026,物理,515,515,1996,161448,https://www.gk100.com/read_16880835.htm,7
河南,2026,物理,514,514,1982,163430,https://www.gk100.com/read_16880835.htm,7
河南,2026,物理,513,513,1956,165386,https://www.gk100.com/read_16880835.htm,7
河南,2026,物理,512,512,1986,167372,https://www.gk100.com/read_16880835.htm,7
河南,2026,物理,511,511,2069,169441,https://www.gk100.com/read_16880835.htm,7
河南,2026,物理,510,510,2039,171480,https://www.gk100.com/read_16880835.htm,7
河南,2026,物理,509,509,2060,173540,https://www.gk100.com/read_16880835.htm,7
河南,2026,物理,508,508,2023,175563,https://www.gk100.com/read_16880835.htm,7
河南,2026,物理,507,507,2040,177603,https://www.gk100.com/read_16880835.htm,7
河南,2026,物理,506,506,1962,179565,https://www.gk100.com/read_16880835.htm,7
河南,2026,物理,505,505,2073,181638,https://www.gk100.com/read_16880835.htm,7
河南,2026,物理,504,504,2035,183673,https://www.gk100.com/read_16880835.htm,7
河南,2026,物理,503,503,2056,185729,https://www.gk100.com/read_16880835.htm,7
河南,2026,物理,502,502,2009,187738,https://www.gk100.com/read_16880835.htm,7
河南,2026,物理,501,501,2015,189753,https://www.gk100.com/read_16880835.htm,7
河南,2026,物理,500,500,2084,191837,https://www.gk100.com/read_16880835.htm,7
河南,2026,物理,499,499,2048,193885,https://www.gk100.com/read_16880835.htm,7
河南,2026,物理,498,498,2056,195941,https://www.gk100.com/read_16880835.htm,7
河南,2026,物理,497,497,2091,198032,https://www.gk100.com/read_16880835.htm,7
河南,2026,物理,496,496,2114,200146,https://www.gk100.com/read_16880835.htm,7
河南,2026,物理,494,494,4159,204305,https://www.gk100.com/read_16880835.htm,8
河南,2026,物理,493,493,2132,206437,https://www.gk100.com/read_16880835.htm,8
河南,2026,物理,492,492,2126,208563,https://www.gk100.com/read_16880835.htm,8
河南,2026,物理,491,491,2115,210678,https://www.gk100.com/read_16880835.htm,8
河南,2026,物理,490,490,2091,212769,https://www.gk100.com/read_16880835.htm,8
河南,2026,物理,489,489,2057,214826,https://www.gk100.com/read_16880835.htm,8
河南,2026,物理,488,488,2128,216954,https://www.gk100.com/read_16880835.htm,8
河南,2026,物理,487,487,2171,219125,https://www.gk100.com/read_16880835.htm,8
河南,2026,物理,486,486,2144,221269,https://www.gk100.com/read_16880835.htm,8
河南,2026,物理,485,485,2096,223365,https://www.gk100.com/read_16880835.htm,8
河南,2026,物理,484,484,2030,225395,https://www.gk100.com/read_16880835.htm,8
河南,2026,物理,483,483,2082,227477,https://www.gk100.com/read_16880835.htm,8
河南,2026,物理,482,482,2107,229584,https://www.gk100.com/read_16880835.htm,8
河南,2026,物理,481,481,2077,231661,https://www.gk100.com/read_16880835.htm,8
河南,2026,物理,480,480,2135,233796,https://www.gk100.com/read_16880835.htm,8
河南,2026,物理,479,479,2066,235862,https://www.gk100.com/read_16880835.htm,8
河南,2026,物理,478,478,2107,237969,https://www.gk100.com/read_16880835.htm,8
河南,2026,物理,477,477,2153,240122,https://www.gk100.com/read_16880835.htm,8
河南,2026,物理,476,476,2135,242257,https://www.gk100.com/read_16880835.htm,8
河南,2026,物理,475,475,2130,244387,https://www.gk100.com/read_16880835.htm,8
河南,2026,物理,474,474,2103,246490,https://www.gk100.com/read_16880835.htm,8
河南,2026,物理,473,473,2077,248567,https://www.gk100.com/read_16880835.htm,8
河南,2026,物理,472,472,2145,250712,https://www.gk100.com/read_16880835.htm,8
河南,2026,物理,471,471,2182,252894,https://www.gk100.com/read_16880835.htm,8
河南,2026,物理,470,470,2160,255054,https://www.gk100.com/read_16880835.htm,8
河南,2026,物理,469,469,2112,257166,https://www.gk100.com/read_16880835.htm,8
河南,2026,物理,468,468,2191,259357,https://www.gk100.com/read_16880835.htm,8
河南,2026,物理,467,467,2105,261462,https://www.gk100.com/read_16880835.htm,8
河南,2026,物理,466,466,2082,263544,https://www.gk100.com/read_16880835.htm,8
河南,2026,物理,465,465,2112,265656,https://www.gk100.com/read_16880835.htm,8
河南,2026,物理,464,464,2064,267720,https://www.gk100.com/read_16880835.htm,9
河南,2026,物理,463,463,2110,269830,https://www.gk100.com/read_16880835.htm,9
河南,2026,物理,462,462,2050,271880,https://www.gk100.com/read_16880835.htm,9
河南,2026,物理,461,461,2191,274071,https://www.gk100.com/read_16880835.htm,9
河南,2026,物理,460,460,2116,276187,https://www.gk100.com/read_16880835.htm,9
河南,2026,物理,459,459,2141,278328,https://www.gk100.com/read_16880835.htm,9
河南,2026,物理,458,458,2129,280457,https://www.gk100.com/read_16880835.htm,9
河南,2026,物理,457,457,2159,282616,https://www.gk100.com/read_16880835.htm,9
河南,2026,物理,456,456,2079,284695,https://www.gk100.com/read_16880835.htm,9
河南,2026,物理,455,455,2100,286795,https://www.gk100.com/read_16880835.htm,9
河南,2026,物理,454,454,2015,288810,https://www.gk100.com/read_16880835.htm,9
河南,2026,物理,453,453,2165,290975,https://www.gk100.com/read_16880835.htm,9
河南,2026,物理,452,452,2085,293060,https://www.gk100.com/read_16880835.htm,9
河南,2026,物理,451,451,2087,295147,https://www.gk100.com/read_16880835.htm,9
河南,2026,物理,450,450,2115,297262,https://www.gk100.com/read_16880835.htm,9
河南,2026,物理,449,449,2097,299359,https://www.gk100.com/read_16880835.htm,9
河南,2026,物理,448,448,2041,301400,https://www.gk100.com/read_16880835.htm,9
河南,2026,物理,447,447,2096,303496,https://www.gk100.com/read_16880835.htm,9
河南,2026,物理,446,446,2113,305609,https://www.gk100.com/read_16880835.htm,9
河南,2026,物理,445,445,2080,307689,https://www.gk100.com/read_16880835.htm,9
河南,2026,物理,444,444,2130,309819,https://www.gk100.com/read_16880835.htm,9
河南,2026,物理,443,443,2044,311863,https://www.gk100.com/read_16880835.htm,9
河南,2026,物理,442,442,2083,313946,https://www.gk100.com/read_16880835.htm,9
河南,2026,物理,441,441,2135,316081,https://www.gk100.com/read_16880835.htm,9
河南,2026,物理,440,440,1956,318037,https://www.gk100.com/read_16880835.htm,9
河南,2026,物理,439,439,2057,320094,https://www.gk100.com/read_16880835.htm,9
河南,2026,物理,438,438,1894,321988,https://www.gk100.com/read_16880835.htm,9
河南,2026,物理,437,437,2057,324045,https://www.gk100.com/read_16880835.htm,9
河南,2026,物理,436,436,2021,326066,https://www.gk100.com/read_16880835.htm,9
河南,2026,物理,435,435,2161,328227,https://www.gk100.com/read_16880835.htm,9
河南,2026,物理,433,433,4111,332338,https://www.gk100.com/read_16880835.htm,10
河南,2026,物理,432,432,1991,334329,https://www.gk100.com/read_16880835.htm,10
河南,2026,物理,431,431,1976,336305,https://www.gk100.com/read_16880835.htm,10
河南,2026,物理,430,430,1994,338299,https://www.gk100.com/read_16880835.htm,10
河南,2026,物理,429,429,2075,340374,https://www.gk100.com/read_16880835.htm,10
河南,2026,物理,428,428,1974,342348,https://www.gk100.com/read_16880835.htm,10
河南,2026,物理,427,427,1958,344306,https://www.gk100.com/read_16880835.htm,10
河南,2026,物理,426,426,1971,346277,https://www.gk100.com/read_16880835.htm,10
河南,2026,物理,425,425,1931,348208,https://www.gk100.com/read_16880835.htm,10
河南,2026,物理,424,424,1992,350200,https://www.gk100.com/read_16880835.htm,10
河南,2026,物理,423,423,2005,352205,https://www.gk100.com/read_16880835.htm,10
河南,2026,物理,422,422,1972,354177,https://www.gk100.com/read_16880835.htm,10
河南,2026,物理,421,421,2009,356186,https://www.gk100.com/read_16880835.htm,10
河南,2026,物理,420,420,1924,358110,https://www.gk100.com/read_16880835.htm,10
河南,2026,物理,419,419,1862,359972,https://www.gk100.com/read_16880835.htm,10
河南,2026,物理,418,418,1955,361927,https://www.gk100.com/read_16880835.htm,10
河南,2026,物理,417,417,1892,363819,https://www.gk100.com/read_16880835.htm,10
河南,2026,物理,416,416,1902,365721,https://www.gk100.com/read_16880835.htm,10
河南,2026,物理,415,415,1836,367557,https://www.gk100.com/read_16880835.htm,10
河南,2026,物理,414,414,1857,369414,https://www.gk100.com/read_16880835.htm,10
河南,2026,物理,413,413,1881,371295,https://www.gk100.com/read_16880835.htm,10
河南,2026,物理,412,412,1860,373155,https://www.gk100.com/read_16880835.htm,10
河南,2026,物理,411,411,1904,375059,https://www.gk100.com/read_16880835.htm,10
河南,2026,物理,410,410,1874,376933,https://www.gk100.com/read_16880835.htm,10
河南,2026,物理,409,409,1856,378789,https://www.gk100.com/read_16880835.htm,10
河南,2026,物理,408,408,1817,380606,https://www.gk100.com/read_16880835.htm,10
河南,2026,物理,407,407,1856,382462,https://www.gk100.com/read_16880835.htm,10
河南,2026,物理,406,406,1853,384315,https://www.gk100.com/read_16880835.htm,10
河南,2026,物理,405,405,1761,386076,https://www.gk100.com/read_16880835.htm,10
河南,2026,物理,403,403,3543,389619,https://www.gk100.com/read_16880835.htm,11
河南,2026,物理,402,402,1732,391351,https://www.gk100.com/read_16880835.htm,11
河南,2026,物理,401,401,1754,393105,https://www.gk100.com/read_16880835.htm,11
河南,2026,物理,400,400,1797,394902,https://www.gk100.com/read_16880835.htm,11
河南,2026,物理,399,399,1748,396650,https://www.gk100.com/read_16880835.htm,11
河南,2026,物理,398,398,1740,398390,https://www.gk100.com/read_16880835.htm,11
河南,2026,物理,397,397,1670,400060,https://www.gk100.com/read_16880835.htm,11
河南,2026,物理,396,396,1728,401788,https://www.gk100.com/read_16880835.htm,11
河南,2026,物理,395,395,1683,403471,https://www.gk100.com/read_16880835.htm,11
河南,2026,物理,394,394,1734,405205,https://www.gk100.com/read_16880835.htm,11
河南,2026,物理,393,393,1707,406912,https://www.gk100.com/read_16880835.htm,11
河南,2026,物理,392,392,1649,408561,https://www.gk100.com/read_16880835.htm,11
河南,2026,物理,391,391,1606,410167,https://www.gk100.com/read_16880835.htm,11
河南,2026,物理,390,390,1633,411800,https://www.gk100.com/read_16880835.htm,11
河南,2026,物理,389,389,1612,413412,https://www.gk100.com/read_16880835.htm,11
河南,2026,物理,388,388,1649,415061,https://www.gk100.com/read_16880835.htm,11
河南,2026,物理,387,387,1701,416762,https://www.gk100.com/read_16880835.htm,11
河南,2026,物理,386,386,1562,418324,https://www.gk100.com/read_16880835.htm,11
河南,2026,物理,385,385,1633,419957,https://www.gk100.com/read_16880835.htm,11
河南,2026,物理,384,384,1586,421543,https://www.gk100.com/read_16880835.htm,11
河南,2026,物理,383,383,1477,423020,https://www.gk100.com/read_16880835.htm,11
河南,2026,物理,382,382,1538,424558,https://www.gk100.com/read_16880835.htm,11
河南,2026,物理,381,381,1621,426179,https://www.gk100.com/read_16880835.htm,11
河南,2026,物理,380,380,1476,427655,https://www.gk100.com/read_16880835.htm,11
河南,2026,物理,379,379,1532,429187,https://www.gk100.com/read_16880835.htm,11
河南,2026,物理,378,378,1560,430747,https://www.gk100.com/read_16880835.htm,11
河南,2026,物理,377,377,1520,432267,https://www.gk100.com/read_16880835.htm,11
河南,2026,物理,376,376,1471,433738,https://www.gk100.com/read_16880835.htm,11
河南,2026,物理,375,375,1453,435191,https://www.gk100.com/read_16880835.htm,11
河南,2026,物理,374,374,1414,436605,https://www.gk100.com/read_16880835.htm,11
河南,2026,物理,373,373,1456,438061,https://www.gk100.com/read_16880835.htm,12
河南,2026,物理,372,372,1433,439494,https://www.gk100.com/read_16880835.htm,12
河南,2026,物理,371,371,1421,440915,https://www.gk100.com/read_16880835.htm,12
河南,2026,物理,370,370,1414,442329,https://www.gk100.com/read_16880835.htm,12
河南,2026,物理,369,369,1410,443739,https://www.gk100.com/read_16880835.htm,12
河南,2026,物理,368,368,1405,445144,https://www.gk100.com/read_16880835.htm,12
河南,2026,物理,367,367,1373,446517,https://www.gk100.com/read_16880835.htm,12
河南,2026,物理,366,366,1442,447959,https://www.gk100.com/read_16880835.htm,12
河南,2026,物理,365,365,1411,449370,https://www.gk100.com/read_16880835.htm,12
河南,2026,物理,364,364,1417,450787,https://www.gk100.com/read_16880835.htm,12
河南,2026,物理,363,363,1394,452181,https://www.gk100.com/read_16880835.htm,12
河南,2026,物理,362,362,1234,453415,https://www.gk100.com/read_16880835.htm,12
河南,2026,物理,361,361,1431,454846,https://www.gk100.com/read_16880835.htm,12
河南,2026,物理,360,360,1356,456202,https://www.gk100.com/read_16880835.htm,12
河南,2026,物理,359,359,1327,457529,https://www.gk100.com/read_16880835.htm,12
河南,2026,物理,358,358,1371,458900,https://www.gk100.com/read_16880835.htm,12
河南,2026,物理,357,357,1301,460201,https://www.gk100.com/read_16880835.htm,12
河南,2026,物理,356,356,1267,461468,https://www.gk100.com/read_16880835.htm,12
河南,2026,物理,355,355,1240,462708,https://www.gk100.com/read_16880835.htm,12
河南,2026,物理,354,354,1314,464022,https://www.gk100.com/read_16880835.htm,12
河南,2026,物理,353,353,1259,465281,https://www.gk100.com/read_16880835.htm,12
河南,2026,物理,352,352,1255,466536,https://www.gk100.com/read_16880835.htm,12
河南,2026,物理,351,351,1241,467777,https://www.gk100.com/read_16880835.htm,12
河南,2026,物理,350,350,1252,469029,https://www.gk100.com/read_16880835.htm,12
河南,2026,物理,349,349,1204,470233,https://www.gk100.com/read_16880835.htm,12
河南,2026,物理,348,348,1205,471438,https://www.gk100.com/read_16880835.htm,12
河南,2026,物理,347,347,1186,472624,https://www.gk100.com/read_16880835.htm,12
河南,2026,物理,346,346,1209,473833,https://www.gk100.com/read_16880835.htm,12
河南,2026,物理,345,345,1155,474988,https://www.gk100.com/read_16880835.htm,12
河南,2026,物理,344,344,1170,476158,https://www.gk100.com/read_16880835.htm,12
河南,2026,物理,342,342,2336,478494,https://www.gk100.com/read_16880835.htm,13
河南,2026,物理,341,341,1094,479588,https://www.gk100.com/read_16880835.htm,13
河南,2026,物理,340,340,1162,480750,https://www.gk100.com/read_16880835.htm,13
河南,2026,物理,339,339,1049,481799,https://www.gk100.com/read_16880835.htm,13
河南,2026,物理,338,338,1067,482866,https://www.gk100.com/read_16880835.htm,13
河南,2026,物理,337,337,1044,483910,https://www.gk100.com/read_16880835.htm,13
河南,2026,物理,336,336,1057,484967,https://www.gk100.com/read_16880835.htm,13
河南,2026,物理,335,335,1109,486076,https://www.gk100.com/read_16880835.htm,13
河南,2026,物理,334,334,1029,487105,https://www.gk100.com/read_16880835.htm,13
河南,2026,物理,333,333,1084,488189,https://www.gk100.com/read_16880835.htm,13
河南,2026,物理,332,332,1043,489232,https://www.gk100.com/read_16880835.htm,13
河南,2026,物理,331,331,1045,490277,https://www.gk100.com/read_16880835.htm,13
河南,2026,物理,330,330,1004,491281,https://www.gk100.com/read_16880835.htm,13
河南,2026,物理,329,329,1029,492310,https://www.gk100.com/read_16880835.htm,13
河南,2026,物理,328,328,1013,493323,https://www.gk100.com/read_16880835.htm,13
河南,2026,物理,327,327,986,494309,https://www.gk100.com/read_16880835.htm,13
河南,2026,物理,326,326,970,495279,https://www.gk100.com/read_16880835.htm,13
河南,2026,物理,325,325,986,496265,https://www.gk100.com/read_16880835.htm,13
河南,2026,物理,324,324,1007,497272,https://www.gk100.com/read_16880835.htm,13
河南,2026,物理,323,323,1019,498291,https://www.gk100.com/read_16880835.htm,13
河南,2026,物理,322,322,974,499265,https://www.gk100.com/read_16880835.htm,13
河南,2026,物理,321,321,993,500258,https://www.gk100.com/read_16880835.htm,13
河南,2026,物理,320,320,932,501190,https://www.gk100.com/read_16880835.htm,13
河南,2026,物理,319,319,960,502150,https://www.gk100.com/read_16880835.htm,13
河南,2026,物理,318,318,960,503110,https://www.gk100.com/read_16880835.htm,13
河南,2026,物理,317,317,874,503984,https://www.gk100.com/read_16880835.htm,13
河南,2026,物理,316,316,894,504878,https://www.gk100.com/read_16880835.htm,13
河南,2026,物理,315,315,890,505768,https://www.gk100.com/read_16880835.htm,13
河南,2026,物理,314,314,894,506662,https://www.gk100.com/read_16880835.htm,13
河南,2026,物理,313,313,840,507502,https://www.gk100.com/read_16880835.htm,13
河南,2026,物理,312,312,886,508388,https://www.gk100.com/read_16880835.htm,14
河南,2026,物理,311,311,818,509206,https://www.gk100.com/read_16880835.htm,14
河南,2026,物理,310,310,857,510063,https://www.gk100.com/read_16880835.htm,14
河南,2026,物理,309,309,865,510928,https://www.gk100.com/read_16880835.htm,14
河南,2026,物理,308,308,801,511729,https://www.gk100.com/read_16880835.htm,14
河南,2026,物理,307,307,880,512609,https://www.gk100.com/read_16880835.htm,14
河南,2026,物理,306,306,830,513439,https://www.gk100.com/read_16880835.htm,14
河南,2026,物理,305,305,797,514236,https://www.gk100.com/read_16880835.htm,14
河南,2026,物理,304,304,802,515038,https://www.gk100.com/read_16880835.htm,14
河南,2026,物理,303,303,830,515868,https://www.gk100.com/read_16880835.htm,14
河南,2026,物理,302,302,785,516653,https://www.gk100.com/read_16880835.htm,14
河南,2026,物理,301,301,868,517521,https://www.gk100.com/read_16880835.htm,14
河南,2026,物理,300,300,759,518280,https://www.gk100.com/read_16880835.htm,14
河南,2026,物理,299,299,865,519145,https://www.gk100.com/read_16880835.htm,14
河南,2026,物理,298,298,778,519923,https://www.gk100.com/read_16880835.htm,14
河南,2026,物理,297,297,763,520686,https://www.gk100.com/read_16880835.htm,14
河南,2026,物理,296,296,810,521496,https://www.gk100.com/read_16880835.htm,14
河南,2026,物理,295,295,738,522234,https://www.gk100.com/read_16880835.htm,14
河南,2026,物理,294,294,766,523000,https://www.gk100.com/read_16880835.htm,14
河南,2026,物理,293,293,809,523809,https://www.gk100.com/read_16880835.htm,14
河南,2026,物理,292,292,736,524545,https://www.gk100.com/read_16880835.htm,14
河南,2026,物理,291,291,771,525316,https://www.gk100.com/read_16880835.htm,14
河南,2026,物理,290,290,695,526011,https://www.gk100.com/read_16880835.htm,14
河南,2026,物理,289,289,760,526771,https://www.gk100.com/read_16880835.htm,14
河南,2026,物理,288,288,756,527527,https://www.gk100.com/read_16880835.htm,14
河南,2026,物理,287,287,728,528255,https://www.gk100.com/read_16880835.htm,14
河南,2026,物理,286,286,712,528967,https://www.gk100.com/read_16880835.htm,14
河南,2026,物理,285,285,723,529690,https://www.gk100.com/read_16880835.htm,14
河南,2026,物理,284,284,720,530410,https://www.gk100.com/read_16880835.htm,14
河南,2026,物理,283,283,715,531125,https://www.gk100.com/read_16880835.htm,14
河南,2026,物理,281,281,1419,532544,https://www.gk100.com/read_16880835.htm,15
河南,2026,物理,280,280,704,533248,https://www.gk100.com/read_16880835.htm,15
河南,2026,物理,279,279,701,533949,https://www.gk100.com/read_16880835.htm,15
河南,2026,物理,278,278,673,534622,https://www.gk100.com/read_16880835.htm,15
河南,2026,物理,277,277,710,535332,https://www.gk100.com/read_16880835.htm,15
河南,2026,物理,276,276,653,535985,https://www.gk100.com/read_16880835.htm,15
河南,2026,物理,275,275,674,536659,https://www.gk100.com/read_16880835.htm,15
河南,2026,物理,274,274,695,537354,https://www.gk100.com/read_16880835.htm,15
河南,2026,物理,273,273,653,538007,https://www.gk100.com/read_16880835.htm,15
河南,2026,物理,272,272,681,538688,https://www.gk100.com/read_16880835.htm,15
河南,2026,物理,271,271,634,539322,https://www.gk100.com/read_16880835.htm,15
河南,2026,物理,270,270,609,539931,https://www.gk100.com/read_16880835.htm,15
河南,2026,物理,269,269,646,540577,https://www.gk100.com/read_16880835.htm,15
河南,2026,物理,268,268,623,541200,https://www.gk100.com/read_16880835.htm,15
河南,2026,物理,267,267,604,541804,https://www.gk100.com/read_16880835.htm,15
河南,2026,物理,266,266,612,542416,https://www.gk100.com/read_16880835.htm,15
河南,2026,物理,265,265,658,543074,https://www.gk100.com/read_16880835.htm,15
河南,2026,物理,264,264,575,543649,https://www.gk100.com/read_16880835.htm,15
河南,2026,物理,263,263,592,544241,https://www.gk100.com/read_16880835.htm,15
河南,2026,物理,262,262,571,544812,https://www.gk100.com/read_16880835.htm,15
河南,2026,物理,261,261,568,545380,https://www.gk100.com/read_16880835.htm,15
河南,2026,物理,260,260,547,545927,https://www.gk100.com/read_16880835.htm,15
河南,2026,物理,259,259,558,546485,https://www.gk100.com/read_16880835.htm,15
河南,2026,物理,258,258,534,547019,https://www.gk100.com/read_16880835.htm,15
河南,2026,物理,257,257,535,547554,https://www.gk100.com/read_16880835.htm,15
河南,2026,物理,256,256,506,548060,https://www.gk100.com/read_16880835.htm,15
河南,2026,物理,255,255,466,548526,https://www.gk100.com/read_16880835.htm,15
河南,2026,物理,254,254,559,549085,https://www.gk100.com/read_16880835.htm,15
河南,2026,物理,253,253,522,549607,https://www.gk100.com/read_16880835.htm,15
河南,2026,物理,252,252,494,550101,https://www.gk100.com/read_16880835.htm,15
河南,2026,物理,251,251,484,550585,https://www.gk100.com/read_16880835.htm,16
河南,2026,物理,250,250,484,551069,https://www.gk100.com/read_16880835.htm,16
河南,2026,物理,249,249,452,551521,https://www.gk100.com/read_16880835.htm,16
河南,2026,物理,248,248,490,552011,https://www.gk100.com/read_16880835.htm,16
河南,2026,物理,247,247,432,552443,https://www.gk100.com/read_16880835.htm,16
河南,2026,物理,246,246,471,552914,https://www.gk100.com/read_16880835.htm,16
河南,2026,物理,245,245,442,553356,https://www.gk100.com/read_16880835.htm,16
河南,2026,物理,244,244,397,553753,https://www.gk100.com/read_16880835.htm,16
河南,2026,物理,243,243,438,554191,https://www.gk100.com/read_16880835.htm,16
河南,2026,物理,242,242,428,554619,https://www.gk100.com/read_16880835.htm,16
河南,2026,物理,241,241,422,555041,https://www.gk100.com/read_16880835.htm,16
河南,2026,物理,240,240,381,555422,https://www.gk100.com/read_16880835.htm,16
河南,2026,物理,239,239,395,555817,https://www.gk100.com/read_16880835.htm,16
河南,2026,物理,238,238,367,556184,https://www.gk100.com/read_16880835.htm,16
河南,2026,物理,237,237,390,556574,https://www.gk100.com/read_16880835.htm,16
河南,2026,物理,236,236,328,556902,https://www.gk100.com/read_16880835.htm,16
河南,2026,物理,235,235,352,557254,https://www.gk100.com/read_16880835.htm,16
河南,2026,物理,234,234,341,557595,https://www.gk100.com/read_16880835.htm,16
河南,2026,物理,233,233,320,557915,https://www.gk100.com/read_16880835.htm,16
河南,2026,物理,232,232,293,558208,https://www.gk100.com/read_16880835.htm,16
河南,2026,物理,231,231,287,558495,https://www.gk100.com/read_16880835.htm,16
河南,2026,物理,230,230,302,558797,https://www.gk100.com/read_16880835.htm,16
河南,2026,物理,229,229,295,559092,https://www.gk100.com/read_16880835.htm,16
河南,2026,物理,228,228,282,559374,https://www.gk100.com/read_16880835.htm,16
河南,2026,物理,227,227,280,559654,https://www.gk100.com/read_16880835.htm,16
河南,2026,物理,226,226,291,559945,https://www.gk100.com/read_16880835.htm,16
河南,2026,物理,225,225,229,560174,https://www.gk100.com/read_16880835.htm,16
河南,2026,物理,224,224,232,560406,https://www.gk100.com/read_16880835.htm,16
河南,2026,物理,223,223,224,560630,https://www.gk100.com/read_16880835.htm,16
河南,2026,物理,222,222,213,560843,https://www.gk100.com/read_16880835.htm,16
河南,2026,物理,221,221,208,561051,https://www.gk100.com/read_16880835.htm,17
河南,2026,物理,220,220,202,561253,https://www.gk100.com/read_16880835.htm,17
河南,2026,物理,219,219,223,561476,https://www.gk100.com/read_16880835.htm,17
河南,2026,物理,218,218,201,561677,https://www.gk100.com/read_16880835.htm,17
河南,2026,物理,217,217,186,561863,https://www.gk100.com/read_16880835.htm,17
河南,2026,物理,216,216,183,562046,https://www.gk100.com/read_16880835.htm,17
河南,2026,物理,215,215,154,562200,https://www.gk100.com/read_16880835.htm,17
河南,2026,物理,214,214,168,562368,https://www.gk100.com/read_16880835.htm,17
河南,2026,物理,213,213,135,562503,https://www.gk100.com/read_16880835.htm,17
河南,2026,物理,212,212,146,562649,https://www.gk100.com/read_16880835.htm,17
河南,2026,物理,211,211,154,562803,https://www.gk100.com/read_16880835.htm,17
河南,2026,物理,210,210,123,562926,https://www.gk100.com/read_16880835.htm,17
河南,2026,物理,209,209,132,563058,https://www.gk100.com/read_16880835.htm,17
河南,2026,物理,208,208,142,563200,https://www.gk100.com/read_16880835.htm,17
河南,2026,物理,207,207,98,563298,https://www.gk100.com/read_16880835.htm,17
河南,2026,物理,206,206,105,563403,https://www.gk100.com/read_16880835.htm,17
河南,2026,物理,205,205,113,563516,https://www.gk100.com/read_16880835.htm,17
河南,2026,物理,204,204,92,563608,https://www.gk100.com/read_16880835.htm,17
河南,2026,物理,203,203,81,563689,https://www.gk100.com/read_16880835.htm,17
河南,2026,物理,202,202,76,563765,https://www.gk100.com/read_16880835.htm,17
河南,2026,物理,201,201,73,563838,https://www.gk100.com/read_16880835.htm,17
河南,2026,物理,200,200,85,563923,https://www.gk100.com/read_16880835.htm,17
河南,2026,物理,199,199,82,564005,https://www.gk100.com/read_16880835.htm,17
河南,2026,物理,198,198,75,564080,https://www.gk100.com/read_16880835.htm,17
河南,2026,物理,197,197,74,564154,https://www.gk100.com/read_16880835.htm,17
河南,2026,物理,196,196,69,564223,https://www.gk100.com/read_16880835.htm,17
河南,2026,物理,195,195,45,564268,https://www.gk100.com/read_16880835.htm,17
河南,2026,物理,194,194,67,564335,https://www.gk100.com/read_16880835.htm,17
河南,2026,物理,193,193,63,564398,https://www.gk100.com/read_16880835.htm,17
河南,2026,物理,192,192,67,564465,https://www.gk100.com/read_16880835.htm,17
河南,2026,物理,190,190,109,564574,https://www.gk100.com/read_16880835.htm,18
河南,2026,物理,189,189,31,564605,https://www.gk100.com/read_16880835.htm,18
河南,2026,物理,188,188,34,564639,https://www.gk100.com/read_16880835.htm,18
河南,2026,物理,187,187,44,564683,https://www.gk100.com/read_16880835.htm,18
河南,2026,物理,186,186,30,564713,https://www.gk100.com/read_16880835.htm,18
河南,2026,物理,185,185,34,564747,https://www.gk100.com/read_16880835.htm,18
河南,2026,物理,184,184,28,564775,https://www.gk100.com/read_16880835.htm,18
河南,2026,物理,183,183,28,564803,https://www.gk100.com/read_16880835.htm,18
河南,2026,物理,182,182,33,564836,https://www.gk100.com/read_16880835.htm,18
河南,2026,物理,181,181,38,564874,https://www.gk100.com/read_16880835.htm,18
河南,2026,物理,180,180,28,564902,https://www.gk100.com/read_16880835.htm,18
河南,2026,物理,179,179,23,564925,https://www.gk100.com/read_16880835.htm,18
河南,2026,物理,178,178,33,564958,https://www.gk100.com/read_16880835.htm,18
河南,2026,物理,177,177,26,564984,https://www.gk100.com/read_16880835.htm,18
河南,2026,物理,176,176,21,565005,https://www.gk100.com/read_16880835.htm,18
河南,2026,物理,175,175,30,565035,https://www.gk100.com/read_16880835.htm,18
河南,2026,物理,174,174,29,565064,https://www.gk100.com/read_16880835.htm,18
河南,2026,物理,173,173,20,565084,https://www.gk100.com/read_16880835.htm,18
河南,2026,物理,172,172,23,565107,https://www.gk100.com/read_16880835.htm,18
河南,2026,物理,171,171,26,565133,https://www.gk100.com/read_16880835.htm,18
河南,2026,物理,170,170,14,565147,https://www.gk100.com/read_16880835.htm,18
河南,2026,物理,169,169,17,565164,https://www.gk100.com/read_16880835.htm,18
河南,2026,物理,168,168,18,565182,https://www.gk100.com/read_16880835.htm,18
河南,2026,物理,167,167,27,565209,https://www.gk100.com/read_16880835.htm,18
河南,2026,物理,166,166,10,565219,https://www.gk100.com/read_16880835.htm,18
河南,2026,物理,165,165,21,565240,https://www.gk100.com/read_16880835.htm,18
河南,2026,物理,164,164,22,565262,https://www.gk100.com/read_16880835.htm,18
河南,2026,物理,163,163,17,565279,https://www.gk100.com/read_16880835.htm,18
河南,2026,物理,162,162,7,565286,https://www.gk100.com/read_16880835.htm,18
河南,2026,物理,161,161,20,565306,https://www.gk100.com/read_16880835.htm,18
河南,2026,物理,160,160,13,565319,https://www.gk100.com/read_16880835.htm,19
河南,2026,物理,159,159,24,565343,https://www.gk100.com/read_16880835.htm,19
河南,2026,物理,158,158,11,565354,https://www.gk100.com/read_16880835.htm,19
河南,2026,物理,157,157,13,565367,https://www.gk100.com/read_16880835.htm,19
河南,2026,物理,156,156,4,565371,https://www.gk100.com/read_16880835.htm,19
河南,2026,物理,155,155,17,565388,https://www.gk100.com/read_16880835.htm,19
河南,2026,物理,154,154,10,565398,https://www.gk100.com/read_16880835.htm,19
河南,2026,物理,153,153,8,565406,https://www.gk100.com/read_16880835.htm,19
河南,2026,物理,152,152,7,565413,https://www.gk100.com/read_16880835.htm,19
河南,2026,物理,151,151,10,565423,https://www.gk100.com/read_16880835.htm,19
河南,2026,物理,150,150,10,565433,https://www.gk100.com/read_16880835.htm,19
河南,2026,物理,149,149,12,565445,https://www.gk100.com/read_16880835.htm,19
河南,2026,物理,148,148,12,565457,https://www.gk100.com/read_16880835.htm,19
河南,2026,物理,147,147,10,565467,https://www.gk100.com/read_16880835.htm,19
河南,2026,物理,146,146,16,565483,https://www.gk100.com/read_16880835.htm,19
河南,2026,物理,145,145,5,565488,https://www.gk100.com/read_16880835.htm,19
河南,2026,物理,143,143,14,565502,https://www.gk100.com/read_16880835.htm,19
河南,2026,物理,142,142,11,565513,https://www.gk100.com/read_16880835.htm,19
河南,2026,物理,141,141,11,565524,https://www.gk100.com/read_16880835.htm,19
河南,2026,物理,140,140,4,565528,https://www.gk100.com/read_16880835.htm,19
河南,2026,物理,139,139,9,565537,https://www.gk100.com/read_16880835.htm,19
河南,2026,物理,138,138,9,565546,https://www.gk100.com/read_16880835.htm,19
河南,2026,物理,137,137,8,565554,https://www.gk100.com/read_16880835.htm,19
河南,2026,物理,136,136,5,565559,https://www.gk100.com/read_16880835.htm,19
河南,2026,物理,135,135,6,565565,https://www.gk100.com/read_16880835.htm,19
河南,2026,物理,134,134,11,565576,https://www.gk100.com/read_16880835.htm,19
河南,2026,物理,133,133,6,565582,https://www.gk100.com/read_16880835.htm,19
河南,2026,物理,132,132,7,565589,https://www.gk100.com/read_16880835.htm,19
河南,2026,物理,131,131,8,565597,https://www.gk100.com/read_16880835.htm,19
河南,2026,物理,129,129,10,565607,https://www.gk100.com/read_16880835.htm,20
河南,2026,物理,128,128,3,565610,https://www.gk100.com/read_16880835.htm,20
河南,2026,物理,127,127,7,565617,https://www.gk100.com/read_16880835.htm,20
河南,2026,物理,126,126,2,565619,https://www.gk100.com/read_16880835.htm,20
河南,2026,物理,125,125,10,565629,https://www.gk100.com/read_16880835.htm,20
河南,2026,物理,124,124,5,565634,https://www.gk100.com/read_16880835.htm,20
河南,2026,物理,123,123,3,565637,https://www.gk100.com/read_16880835.htm,20
河南,2026,物理,122,122,9,565646,https://www.gk100.com/read_16880835.htm,20
河南,2026,物理,121,121,1,565647,https://www.gk100.com/read_16880835.htm,20
河南,2026,物理,120,120,6,565653,https://www.gk100.com/read_16880835.htm,20
河南,2026,物理,119,119,3,565656,https://www.gk100.com/read_16880835.htm,20
河南,2026,物理,118,118,3,565659,https://www.gk100.com/read_16880835.htm,20
河南,2026,物理,117,117,7,565666,https://www.gk100.com/read_16880835.htm,20
河南,2026,物理,116,116,4,565670,https://www.gk100.com/read_16880835.htm,20
河南,2026,物理,115,115,5,565675,https://www.gk100.com/read_16880835.htm,20
河南,2026,物理,114,114,3,565678,https://www.gk100.com/read_16880835.htm,20
河南,2026,物理,113,113,3,565681,https://www.gk100.com/read_16880835.htm,20
河南,2026,物理,112,112,3,565684,https://www.gk100.com/read_16880835.htm,20
河南,2026,物理,111,111,11,565695,https://www.gk100.com/read_16880835.htm,20
河南,2026,物理,110,110,3,565698,https://www.gk100.com/read_16880835.htm,20
河南,2026,物理,109,109,2,565700,https://www.gk100.com/read_16880835.htm,20
河南,2026,物理,108,108,4,565704,https://www.gk100.com/read_16880835.htm,20
河南,2026,物理,107,107,4,565708,https://www.gk100.com/read_16880835.htm,20
河南,2026,物理,106,106,1,565709,https://www.gk100.com/read_16880835.htm,20
河南,2026,物理,105,105,5,565714,https://www.gk100.com/read_16880835.htm,20
河南,2026,物理,104,104,8,565722,https://www.gk100.com/read_16880835.htm,20
河南,2026,物理,103,103,3,565725,https://www.gk100.com/read_16880835.htm,20
河南,2026,物理,102,102,3,565728,https://www.gk100.com/read_16880835.htm,20
河南,2026,物理,101,101,2,565730,https://www.gk100.com/read_16880835.htm,20
河南,2026,物理,100,100,5,565735,https://www.gk100.com/read_16880835.htm,20
